回号,抽選日,当せん番号
7017,2026/7/1,5401
7016,2026/6/30,8964
7015,2026/6/29,1319
7014,2026/6/26,5441
7013,2026/6/25,5409
7012,2026/6/24,2721
7011,2026/6/23,8241
7010,2026/6/22,5073
7009,2026/6/19,3169
7008,2026/6/18,6221
7007,2026/6/17,356
7006,2026/6/16,642
7005,2026/6/15,2340
7004,2026/6/12,9527
7003,2026/6/11,5368
7002,2026/6/10,9258
7001,2026/6/9,1058
7000,2026/6/8,9621
6999,2026/6/5,4899
6998,2026/6/4,8389
6997,2026/6/3,5234
6996,2026/6/2,9271
6995,2026/6/1,5971
6994,2026/5/29,7402
6993,2026/5/28,5783
6992,2026/5/27,7763
6991,2026/5/26,6534
6990,2026/5/25,3526
6989,2026/5/22,5410
6988,2026/5/21,3907
6987,2026/5/20,7683
6986,2026/5/19,6356
6985,2026/5/18,1411
6984,2026/5/15,1569
6983,2026/5/14,7052
6982,2026/5/13,2169
6981,2026/5/12,9974
6980,2026/5/11,8852
6979,2026/5/8,1421
6978,2026/5/7,1595
6977,2026/5/6,5513
6976,2026/5/5,9998
6975,2026/5/4,3298
6974,2026/5/1,9391
6973,2026/4/30,8641
6972,2026/4/29,799
6971,2026/4/28,9678
6970,2026/4/27,3003
6969,2026/4/24,8411
6968,2026/4/23,769
6967,2026/4/22,3570
6966,2026/4/21,168
6965,2026/4/20,9227
6964,2026/4/17,4486
6963,2026/4/16,1742
6962,2026/4/15,7323
6961,2026/4/14,4248
6960,2026/4/13,7494
6959,2026/4/10,900
6958,2026/4/9,4970
6957,2026/4/8,470
6956,2026/4/7,1818
6955,2026/4/6,4111
6954,2026/4/3,3698
6953,2026/4/2,9941
6952,2026/4/1,2657
6951,2026/3/31,4404
6950,2026/3/30,9107
6949,2026/3/27,4568
6948,2026/3/26,1346
6947,2026/3/25,9785
6946,2026/3/24,9577
6945,2026/3/23,3851
6944,2026/3/20,9781
6943,2026/3/19,6454
6942,2026/3/18,6449
6941,2026/3/17,2295
6940,2026/3/16,3421
6939,2026/3/13,247
6938,2026/3/12,9420
6937,2026/3/11,6092
6936,2026/3/10,2631
6935,2026/3/9,4819
6934,2026/3/6,7592
6933,2026/3/5,2852
6932,2026/3/4,8404
6931,2026/3/3,9087
6930,2026/3/2,7626
6929,2026/2/27,2586
6928,2026/2/26,3099
6927,2026/2/25,1918
6926,2026/2/24,9508
6925,2026/2/23,2476
6924,2026/2/20,3115
6923,2026/2/19,9166
6922,2026/2/18,8440
6921,2026/2/17,505
6920,2026/2/16,6978
6919,2026/2/13,6376
6918,2026/2/12,5004
6917,2026/2/11,7896
6916,2026/2/10,3395
6915,2026/2/9,3798
6914,2026/2/6,6403
6913,2026/2/5,5517
6912,2026/2/4,3834
6911,2026/2/3,3727
6910,2026/2/2,9945
6909,2026/1/30,9827
6908,2026/1/29,6120
6907,2026/1/28,4588
6906,2026/1/27,7964
6905,2026/1/26,176
6904,2026/1/23,515
6903,2026/1/22,6022
6902,2026/1/21,615
6901,2026/1/20,9534
6900,2026/1/19,8174
6899,2026/1/16,6436
6898,2026/1/15,8060
6897,2026/1/14,2404
6896,2026/1/13,2699
6895,2026/1/12,2827
6894,2026/1/9,6551
6893,2026/1/8,1632
6892,2026/1/7,7263
6891,2026/1/6,2300
6890,2026/1/5,7526
6889,2025/12/30,7202
6888,2025/12/29,2121
6887,2025/12/26,4141
6886,2025/12/25,6333
6885,2025/12/24,3984
6884,2025/12/23,3278
6883,2025/12/22,9785
6882,2025/12/19,4944
6881,2025/12/18,5879
6880,2025/12/17,497
6879,2025/12/16,2310
6878,2025/12/15,7221
6877,2025/12/12,2528
6876,2025/12/11,2208
6875,2025/12/10,5272
6874,2025/12/9,3123
6873,2025/12/8,3493
6872,2025/12/5,4784
6871,2025/12/4,5571
6870,2025/12/3,7263
6869,2025/12/2,6936
6868,2025/12/1,5396
6867,2025/11/28,3076
6866,2025/11/27,2803
6865,2025/11/26,3324
6864,2025/11/25,5445
6863,2025/11/24,1258
6862,2025/11/21,9741
6861,2025/11/20,4693
6860,2025/11/19,5186
6859,2025/11/18,6444
6858,2025/11/17,1184
6857,2025/11/14,3116
6856,2025/11/13,9991
6855,2025/11/12,2123
6854,2025/11/11,3403
6853,2025/11/10,6727
6852,2025/11/7,3049
6851,2025/11/6,2981
6850,2025/11/5,5282
6849,2025/11/4,9227
6848,2025/11/3,9275
6847,2025/10/31,137
6846,2025/10/30,8726
6845,2025/10/29,4714
6844,2025/10/28,17
6843,2025/10/27,523
6842,2025/10/24,4591
6841,2025/10/23,8612
6840,2025/10/22,2326
6839,2025/10/21,8607
6838,2025/10/20,100
6837,2025/10/17,5441
6836,2025/10/16,4325
6835,2025/10/15,1350
6834,2025/10/14,4706
6833,2025/10/13,6896
6832,2025/10/10,3148
6831,2025/10/9,6352
6830,2025/10/8,220
6829,2025/10/7,7717
6828,2025/10/6,933
6827,2025/10/3,2964
6826,2025/10/2,1916
6825,2025/10/1,5280
6824,2025/9/30,7765
6823,2025/9/29,12
6822,2025/9/26,1540
6821,2025/9/25,7728
6820,2025/9/24,2477
6819,2025/9/23,4787
6818,2025/9/22,5808
6817,2025/9/19,8721
6816,2025/9/18,6152
6815,2025/9/17,7604
6814,2025/9/16,1314
6813,2025/9/15,6867
6812,2025/9/12,8991
6811,2025/9/11,7961
6810,2025/9/10,2679
6809,2025/9/9,5260
6808,2025/9/8,2841
6807,2025/9/5,1871
6806,2025/9/4,3376
6805,2025/9/3,4598
6804,2025/9/2,538
6803,2025/9/1,549
6802,2025/8/29,1929
6801,2025/8/28,774
6800,2025/8/27,6694
6799,2025/8/26,1624
6798,2025/8/25,9463
6797,2025/8/22,9660
6796,2025/8/21,5806
6795,2025/8/20,8749
6794,2025/8/19,9288
6793,2025/8/18,9959
6792,2025/8/15,5140
6791,2025/8/14,6362
6790,2025/8/13,5541
6789,2025/8/12,2458
6788,2025/8/11,6014
6787,2025/8/8,1365
6786,2025/8/7,5835
6785,2025/8/6,4876
6784,2025/8/5,1027
6783,2025/8/4,3080
6782,2025/8/1,3497
6781,2025/7/31,536
6780,2025/7/30,3175
6779,2025/7/29,1592
6778,2025/7/28,6710
6777,2025/7/25,5454
6776,2025/7/24,7924
6775,2025/7/23,5493
6774,2025/7/22,8714
6773,2025/7/21,7780
6772,2025/7/18,2460
6771,2025/7/17,2337
6770,2025/7/16,2037
6769,2025/7/15,5552
6768,2025/7/14,5295
6767,2025/7/11,172
6766,2025/7/10,4790
6765,2025/7/9,5358
6764,2025/7/8,2982
6763,2025/7/7,9181
6762,2025/7/4,2452
6761,2025/7/3,1479
6760,2025/7/2,3099
6759,2025/7/1,5261
6758,2025/6/30,6757
6757,2025/6/27,2940
6756,2025/6/26,8622
6755,2025/6/25,8174
6754,2025/6/24,1351
6753,2025/6/23,4804
6752,2025/6/20,7102
6751,2025/6/19,5354
6750,2025/6/18,7592
6749,2025/6/17,975
6748,2025/6/16,6326
6747,2025/6/13,2482
6746,2025/6/12,7666
6745,2025/6/11,3176
6744,2025/6/10,3142
6743,2025/6/9,5084
6742,2025/6/6,6563
6741,2025/6/5,9318
6740,2025/6/4,5944
6739,2025/6/3,2370
6738,2025/6/2,2839
6737,2025/5/30,7141
6736,2025/5/29,6779
6735,2025/5/28,7357
6734,2025/5/27,3697
6733,2025/5/26,9115
6732,2025/5/23,2718
6731,2025/5/22,9899
6730,2025/5/21,2762
6729,2025/5/20,6418
6728,2025/5/19,9601
6727,2025/5/16,4116
6726,2025/5/15,4368
6725,2025/5/14,1898
6724,2025/5/13,9565
6723,2025/5/12,8892
6722,2025/5/9,1883
6721,2025/5/8,8156
6720,2025/5/7,1952
6719,2025/5/6,81
6718,2025/5/5,8391
6717,2025/5/2,2948
6716,2025/5/1,8968
6715,2025/4/30,5323
6714,2025/4/29,3449
6713,2025/4/28,1670
6712,2025/4/25,4071
6711,2025/4/24,9686
6710,2025/4/23,7059
6709,2025/4/22,6697
6708,2025/4/21,7834
6707,2025/4/18,4811
6706,2025/4/17,8842
6705,2025/4/16,7555
6704,2025/4/15,2166
6703,2025/4/14,1820
6702,2025/4/11,7011
6701,2025/4/10,7856
6700,2025/4/9,4013
6699,2025/4/8,4417
6698,2025/4/7,2078
6697,2025/4/4,9721
6696,2025/4/3,7892
6695,2025/4/2,1695
6694,2025/4/1,3671
6693,2025/3/31,8221
6692,2025/3/28,6185
6691,2025/3/27,745
6690,2025/3/26,8397
6689,2025/3/25,2191
6688,2025/3/24,488
6687,2025/3/21,1431
6686,2025/3/20,8555
6685,2025/3/19,1087
6684,2025/3/18,9843
6683,2025/3/17,7006
6682,2025/3/14,2853
6681,2025/3/13,384
6680,2025/3/12,9200
6679,2025/3/11,8261
6678,2025/3/10,8256
6677,2025/3/7,948
6676,2025/3/6,1781
6675,2025/3/5,8194
6674,2025/3/4,6318
6673,2025/3/3,1170
6672,2025/2/28,4968
6671,2025/2/27,3839
6670,2025/2/26,664
6669,2025/2/25,9378
6668,2025/2/24,3026
6667,2025/2/21,6398
6666,2025/2/20,1890
6665,2025/2/19,9265
6664,2025/2/18,385
6663,2025/2/17,6744
6662,2025/2/14,3273
6661,2025/2/13,1946
6660,2025/2/12,3343
6659,2025/2/11,8942
6658,2025/2/10,859
6657,2025/2/7,3881
6656,2025/2/6,853
6655,2025/2/5,2317
6654,2025/2/4,4827
6653,2025/2/3,235
6652,2025/1/31,1596
6651,2025/1/30,5400
6650,2025/1/29,9590
6649,2025/1/28,893
6648,2025/1/27,7240
6647,2025/1/24,2315
6646,2025/1/23,5420
6645,2025/1/22,6385
6644,2025/1/21,8259
6643,2025/1/20,4409
6642,2025/1/17,9774
6641,2025/1/16,2324
6640,2025/1/15,1366
6639,2025/1/14,135
6638,2025/1/13,8583
6637,2025/1/10,1599
6636,2025/1/9,5802
6635,2025/1/8,1786
6634,2025/1/7,3754
6633,2025/1/6,685
6632,2024/12/30,9983
6631,2024/12/27,4386
6630,2024/12/26,4119
6629,2024/12/25,474
6628,2024/12/24,5231
6627,2024/12/23,5892
6626,2024/12/20,580
6625,2024/12/19,5214
6624,2024/12/18,3498
6623,2024/12/17,596
6622,2024/12/16,3424
6621,2024/12/13,6199
6620,2024/12/12,9105
6619,2024/12/11,6217
6618,2024/12/10,4259
6617,2024/12/9,2617
6616,2024/12/6,8939
6615,2024/12/5,8253
6614,2024/12/4,0
6613,2024/12/3,1978
6612,2024/12/2,3920
6611,2024/11/29,3212
6610,2024/11/28,4640
6609,2024/11/27,8963
6608,2024/11/26,5653
6607,2024/11/25,7220
6606,2024/11/22,2532
6605,2024/11/21,3340
6604,2024/11/20,7649
6603,2024/11/19,1088
6602,2024/11/18,5730
6601,2024/11/15,3631
6600,2024/11/14,3952
6599,2024/11/13,3005
6598,2024/11/12,206
6597,2024/11/11,3369
6596,2024/11/8,8888
6595,2024/11/7,313
6594,2024/11/6,7143
6593,2024/11/5,2667
6592,2024/11/4,4412
6591,2024/11/1,5709
6590,2024/10/31,4059
6589,2024/10/30,1133
6588,2024/10/29,1995
6587,2024/10/28,2405
6586,2024/10/25,7675
6585,2024/10/24,4428
6584,2024/10/23,5665
6583,2024/10/22,7178
6582,2024/10/21,9546
6581,2024/10/18,8921
6580,2024/10/17,2004
6579,2024/10/16,8407
6578,2024/10/15,5667
6577,2024/10/14,3661
6576,2024/10/11,5126
6575,2024/10/10,946
6574,2024/10/9,1319
6573,2024/10/8,8903
6572,2024/10/7,5812
6571,2024/10/4,784
6570,2024/10/3,9299
6569,2024/10/2,9563
6568,2024/10/1,605
6567,2024/9/30,5211
6566,2024/9/27,5225
6565,2024/9/26,4488
6564,2024/9/25,3119
6563,2024/9/24,5794
6562,2024/9/23,2095
6561,2024/9/20,6411
6560,2024/9/19,2796
6559,2024/9/18,3848
6558,2024/9/17,4601
6557,2024/9/16,3232
6556,2024/9/13,7056
6555,2024/9/12,1130
6554,2024/9/11,4835
6553,2024/9/10,5740
6552,2024/9/9,5705
6551,2024/9/6,7889
6550,2024/9/5,1910
6549,2024/9/4,7828
6548,2024/9/3,9141
6547,2024/9/2,205
6546,2024/8/30,9909
6545,2024/8/29,1491
6544,2024/8/28,6008
6543,2024/8/27,2390
6542,2024/8/26,7237
6541,2024/8/23,1604
6540,2024/8/22,4618
6539,2024/8/21,8412
6538,2024/8/20,358
6537,2024/8/19,2057
6536,2024/8/16,1799
6535,2024/8/15,3966
6534,2024/8/14,1770
6533,2024/8/13,4167
6532,2024/8/12,9533
6531,2024/8/9,8424
6530,2024/8/8,8115
6529,2024/8/7,5624
6528,2024/8/6,7007
6527,2024/8/5,1951
6526,2024/8/2,793
6525,2024/8/1,9118
6524,2024/7/31,1417
6523,2024/7/30,3787
6522,2024/7/29,780
6521,2024/7/26,4387
6520,2024/7/25,2254
6519,2024/7/24,6533
6518,2024/7/23,2827
6517,2024/7/22,9282
6516,2024/7/19,4044
6515,2024/7/18,6232
6514,2024/7/17,2710
6513,2024/7/16,7487
6512,2024/7/15,8023
6511,2024/7/12,9345
6510,2024/7/11,5209
6509,2024/7/10,7132
6508,2024/7/9,9108
6507,2024/7/8,2208
6506,2024/7/5,6715
6505,2024/7/4,4365
6504,2024/7/3,4896
6503,2024/7/2,5240
6502,2024/7/1,6836
